"OBJECTID,N,10,0","ID,N,10,0","ADDRESS,C,80","TERMINAL_N,C,80","LATITUDE,N,24,15","LONGITUDE,N,24,15","INSTALLED,C,80","LOCKED,C,80","INSTALL_DA,C,80","REMOVAL_DA,C,80","TEMPORARY_,C,80","NUMBER_OF_,N,10,0","NUMBER_O_1,N,10,0","X,N,24,15","Y,N,24,15","SE_ANNO_CA,C,80"
74321123,1,20th & Bell St,31000,38.8561,-77.0512,YES,NO,1969-12-31T20:00:00.000Z,,NO,1,10,395555.98116137,132033.31449826,
74321124,2,18th & Eads St.,31001,38.85725,-77.05332,YES,NO,1969-12-31T20:00:00.000Z,,NO,2,8,395372.04558977,132161.07808121,
74321125,3,20th & Crystal Dr,31002,38.8564,-77.0492,YES,NO,1969-12-31T20:00:00.000Z,,NO,7,8,395729.59357832,132066.52118651,
74321126,4,15th & Crystal Dr,31003,38.86017,-77.049593,YES,NO,1969-12-31T20:00:00.000Z,,NO,9,1,395695.7097594,132485.03678691,
74321127,5,Aurora Hills Community Ctr/18th & Hayes St,31004,38.857866,-77.05949,YES,NO,1969-12-31T20:00:00.000Z,,NO,5,6,394836.55986472,132229.78939,
74321128,6,Pentagon City Metro / 12th & S Hayes St,31005,38.862303,-77.059936,YES,NO,1969-12-31T20:00:00.000Z,,NO,7,12,394798.17263784,132722.3537753,
74321129,7,S Joyce & Army Navy Dr,31006,38.8637,-77.0633,YES,NO,1969-12-31T20:00:00.000Z,,NO,10,1,394506.31966949,132877.62800884,
74321130,8,Crystal City Metro / 18th & Bell St,31007,38.8573,-77.0511,YES,NO,1969-12-31T20:00:00.000Z,,NO,7,11,395564.73545012,132166.51823819,
74321131,9,12th & Army Navy Dr,31008,38.8629,-77.0528,YES,NO,1969-12-31T20:00:00.000Z,,NO,5,6,395417.54218218,132788.24270087,
74321132,10,27th & Crystal Dr,31009,38.848441,-77.051516,YES,NO,1969-12-31T20:00:00.000Z,,NO,9,10,395528.07344805,131183.1266423,
74321133,11,S Glebe & Potomac Ave,31010,38.8426,-77.0502,YES,NO,1969-12-31T20:00:00.000Z,,NO,4,7,395641.95431057,130534.67130912,
74321134,12,23rd & Crystal Dr,31011,38.8533,-77.0498,YES,NO,1969-12-31T20:00:00.000Z,,NO,13,3,395677.32772972,131722.42730273,
74321135,13,26th & S Clark St,31012,38.850688,-77.05152,YES,NO,1969-12-31T20:00:00.000Z,,NO,6,5,395527.86699294,131432.55965392,
74321136,14,19th St & Pennsylvania Ave NW,31100,38.9003,-77.0429,YES,NO,1969-12-31T20:00:00.000Z,,NO,8,7,396278.70399052,136939.47827919,
74321137,15,14th & V St NW,31101,38.9176,-77.0321,YES,NO,1969-12-31T20:00:00.000Z,,NO,0,26,397216.20899969,138859.53510936,
74321138,16,11th & Kenyon St NW,31102,38.929464,-77.027822,YES,NO,1969-12-31T20:00:00.000Z,,NO,0,26,397587.60905935,140176.41805133,
74321139,17,16th & Harvard St NW,31103,38.926088,-77.036536,YES,NO,1969-12-31T20:00:00.000Z,,NO,0,31,396831.8852902,139801.91944918,
74321140,18,Adams Mill & Columbia Rd NW,31104,38.922925,-77.042581,YES,NO,1969-12-31T20:00:00.000Z,,NO,0,15,396307.54666751,139451.02670294,
74321141,19,14th & Harvard St NW,31105,38.9268,-77.0322,YES,NO,1969-12-31T20:00:00.000Z,,NO,0,19,397207.89698712,139880.81598519,
74321142,20,Calvert & Biltmore St NW,31106,38.923203,-77.047637,YES,NO,1969-12-31T20:00:00.000Z,,NO,0,23,395869.12679181,139482.10370448,
74321143,21,Lamont & Mt Pleasant NW,31107,38.9319,-77.0388,YES,NO,1969-12-31T20:00:00.000Z,,NO,0,19,396635.84323825,140447.18241804,
74321144,22,4th & M St SW,31108,38.8767,-77.0178,YES,NO,1969-12-31T20:00:00.000Z,,NO,0,21,398455.45488951,134318.97061928,
74321145,23,15th & P St NW,31201,38.90985,-77.034438,YES,NO,1969-12-31T20:00:00.000Z,,NO,1,17,397013.12734699,137999.29479922,
74321146,24,14th & R St NW,31202,38.912682,-77.031681,YES,NO,1969-12-31T20:00:00.000Z,,NO,6,6,397252.35624534,138313.58352632,
74321147,25,14th & Rhode Island Ave NW,31203,38.9086,-77.0323,YES,NO,1969-12-31T20:00:00.000Z,,NO,2,20,397198.51101235,137860.46677503,
74321148,26,20th & E St NW,31204,38.8963,-77.045,YES,NO,1969-12-31T20:00:00.000Z,,NO,3,11,396096.32377953,136495.53410413,
74321149,27,21st & I St NW,31205,38.9008,-77.047,YES,NO,1969-12-31T20:00:00.000Z,,NO,9,26,395923.08426032,136995.15740474,
74321150,28,Georgia & New Hampshire Ave NW,31400,38.936043,-77.024649,YES,NO,1969-12-31T20:00:00.000Z,,NO,0,13,397862.93084314,140906.66509731,
74321151,29,14th St & Spring Rd NW,31401,38.9375,-77.0328,YES,NO,1969-12-31T20:00:00.000Z,,NO,1,9,397156.2969996,141068.6272297,
74321152,30,John McCormack Dr & Michigan Ave NE,31502,38.9346,-76.9955,YES,NO,1969-12-31T20:00:00.000Z,,NO,7,4,400390.15805724,140746.2005855,
74321153,31,5th & K St NW,31600,38.90304,-77.019027,YES,NO,1969-12-31T20:00:00.000Z,,NO,0,17,398349.59483465,137242.93793811,
74321154,32,19th & East Capitol St SE,31601,38.8896,-76.9769,YES,NO,1969-12-31T20:00:00.000Z,,NO,6,9,402004.07538839,135751.07274551,
74321155,33,Park Rd & Holmead Pl NW,31602,38.9308,-77.0315,YES,NO,1969-12-31T20:00:00.000Z,,NO,5,13,397268.74809473,140324.82919203,
74321156,34,Good Hope & Naylor Rd SE,31700,38.8601,-76.9672,YES,NO,1969-12-31T20:00:00.000Z,,NO,8,3,402846.79011674,132476.60854073,
74321157,35,Connecticut Ave & Newark St NW / Cleveland Park,31305,38.934267,-77.057979,YES,NO,1969-12-31T20:00:00.000Z,,NO,7,4,394973.09374685,140710.82140544,
74321158,36,Randle Circle & Minnesota Ave SE,31702,38.878,-76.9607,YES,NO,1969-12-31T20:00:00.000Z,,NO,4,4,403410.08514111,134463.86390983,
74321159,37,Minnesota Ave Metro/DOES,31703,38.897063,-76.947446,YES,NO,1969-12-31T20:00:00.000Z,,NO,6,5,404558.92450764,136580.58329247,
74321160,38,Nannie Helen Burroughs & Minnesota Ave NE,31704,38.901385,-76.941877,YES,NO,1969-12-31T20:00:00.000Z,,NO,5,5,405041.71541905,137060.65262358,
74321161,39,Anacostia Metro,31801,38.862669,-76.994637,YES,NO,1969-12-31T20:00:00.000Z,,NO,6,4,400465.45079874,132761.28847182,
74321162,40,Good Hope Rd & MLK Ave SE,31802,38.867373,-76.988039,YES,NO,1969-12-31T20:00:00.000Z,,NO,5,6,401038.0179126,133283.52133563,
74321163,41,19th & E Street NW,31206,38.8952,-77.0436,YES,NO,1969-12-31T20:00:00.000Z,,NO,4,6,396217.71315484,136373.36645763,
74321164,42,4th & W St NE,31500,38.919077,-77.000648,YES,NO,1969-12-31T20:00:00.000Z,,NO,7,6,399943.80500792,139023.00525965,
74321165,43,10th & U St NW,31111,38.9172,-77.0259,YES,NO,1969-12-31T20:00:00.000Z,,NO,10,5,397753.87564422,138814.96095752,
74321166,44,Georgia Ave and Fairmont St NW,31207,38.9249,-77.0222,YES,NO,1969-12-31T20:00:00.000Z,,NO,0,11,398074.95841142,139669.64140129,
74321167,45,1st & N St  SE,31209,38.8743,-77.0057,YES,NO,1969-12-31T20:00:00.000Z,,NO,7,32,399505.38183805,134052.41738498,
74321168,46,20th St & Florida Ave NW,31110,38.9154,-77.0446,YES,NO,1969-12-31T20:00:00.000Z,,NO,0,14,396132.05899493,138615.77216932,
74321169,47,7th & T St NW,31109,38.9155,-77.0222,YES,NO,1969-12-31T20:00:00.000Z,,NO,3,12,398074.70465287,138626.16224103,
74321170,48,23rd & Eads St,31013,38.853531,-77.053509,YES,NO,1969-12-31T20:00:00.000Z,,NO,5,9,395355.3991924,131748.25211246,
74321171,49,M St & New Jersey Ave SE,31208,38.8763,-77.0037,YES,NO,1969-12-31T20:00:00.000Z,,NO,16,0,399678.94106865,134274.42351994,
74321172,51,Massachusetts Ave & Dupont Circle NW,31200,38.9101,-77.0444,YES,NO,1969-12-31T20:00:00.000Z,,NO,37,6,396149.11786763,138027.41994099,
74321173,52,1st & M St NE,31603,38.9057,-77.0056,YES,NO,1969-12-31T20:00:00.000Z,,NO,2,10,399514.27317303,137538.06239613,
74321174,53,21st & M St NW,31212,38.90534,-77.046774,YES,NO,1969-12-31T20:00:00.000Z,,NO,16,0,395942.94637664,137499.12394013,
74321175,54,17th & K St NW,31213,38.90276,-77.03863,YES,NO,1969-12-31T20:00:00.000Z,,NO,19,1,396649.21425572,137212.39264868,
74321176,55,3rd & H St NW,31604,38.899408,-77.015289,YES,NO,1969-12-31T20:00:00.000Z,,NO,4,11,398673.76205224,136839.69580021,
74321177,56,3rd & D St SE,31605,38.8851,-77.0023,YES,NO,1969-12-31T20:00:00.000Z,,NO,6,4,399800.44743845,135251.28674748,
74321178,57,Potomac & Pennsylvania Ave SE,31606,38.8803,-76.9862,YES,NO,1969-12-31T20:00:00.000Z,,NO,9,6,401197.39591334,134718.53788821,
74321179,58,14th & D St SE,31607,38.884,-76.9861,YES,NO,1969-12-31T20:00:00.000Z,,NO,8,7,401206.0101559,135129.26756581,
74321180,59,17th & Corcoran St NW,31214,38.9121,-77.0387,YES,NO,1969-12-31T20:00:00.000Z,,NO,1,18,396643.58195891,138249.21138577,
74321181,60,Van Ness Metro / UDC,31300,38.944551,-77.063896,YES,NO,1969-12-31T20:00:00.000Z,,NO,9,6,394460.8760265,141852.77834368,
74321182,61,Florida Ave & R St NW,31503,38.9126,-77.0135,YES,NO,1969-12-31T20:00:00.000Z,,NO,0,14,398829.1646746,138304.09064665,
74321183,62,8th & Eye St SE / Barracks Row,31608,38.8792,-76.9953,YES,NO,1969-12-31T20:00:00.000Z,,NO,10,1,400407.81504123,134596.34949947,
74321184,63,Ward Circle / American University,31301,38.938736,-77.087171,YES,NO,1969-12-31T20:00:00.000Z,,NO,4,11,392442.5577893,141208.93151752,
74321185,64,Wisconsin Ave & Newark St NW,31302,38.934881,-77.072755,YES,NO,1969-12-31T20:00:00.000Z,,NO,10,9,393692.03675799,140779.89807813,
74321186,65,14th St Heights / 14th & Crittenden St NW,31402,38.947774,-77.032818,YES,NO,1969-12-31T20:00:00.000Z,,NO,8,2,397155.14643993,142209.13309952,
74321187,66,Anacostia Library,31804,38.865784,-76.9784,YES,NO,1969-12-31T20:00:00.000Z,,NO,5,5,401874.56617125,133107.28439427,
74321188,67,Pennsylvania & Minnesota Ave SE,31805,38.873057,-76.971015,YES,NO,1969-12-31T20:00:00.000Z,,NO,6,4,402515.22051118,133914.81891889,
74321189,68,Eastern Market / 7th & North Carolina Ave SE,31610,38.886952,-76.996806,YES,NO,1969-12-31T20:00:00.000Z,,NO,10,5,400277.11058153,135456.87541854,
74321190,69,14th St & New York Ave NW,31216,38.899632,-77.031686,YES,NO,1969-12-31T20:00:00.000Z,,NO,12,9,397251.41977838,136864.92754697,
74321191,70,Benning Branch Library,31705,38.894,-76.947974,YES,NO,1969-12-31T20:00:00.000Z,,NO,2,6,404513.31564725,136240.53983015,
74321192,71,USDA / 12th & Independence Ave SW,31217,38.887237,-77.02823,YES,NO,1969-12-31T20:00:00.000Z,,NO,16,22,397551.12964707,135488.88637292,
74321193,72,Georgetown Harbor / 30th St NW,31215,38.902221,-77.059219,YES,NO,1969-12-31T20:00:00.000Z,,NO,13,5,394863.27537199,137153.51643639,
74321194,73,12th & Newton St NE,31501,38.933668,-76.991016,YES,NO,1969-12-31T20:00:00.000Z,,NO,6,5,400778.93906675,140642.76917646,
74321195,74,US Dept of State / Virginia Ave & 21st St NW,31220,38.894919,-77.046587,YES,NO,1969-12-31T20:00:00.000Z,,NO,6,8,395958.57590909,136342.30123407,
74321196,75,LEnfant Plaza / 7th & C St SW,31218,38.886266,-77.022241,YES,NO,1969-12-31T20:00:00.000Z,,NO,3,11,398070.35828347,135380.95431573,
74321197,76,10th St & Constitution Ave NW,31219,38.893028,-77.026013,YES,NO,1969-12-31T20:00:00.000Z,,NO,19,10,397743.31133834,136131.67560302,
74321198,77,Kennedy Center,31211,38.895184,-77.054845,YES,NO,1969-12-31T20:00:00.000Z,,NO,5,5,395242.2118359,136372.11631822,
74321199,78,Eastern Market Metro / Pennsylvania Ave & 7th St SE,31613,38.884,-76.995397,YES,NO,1969-12-31T20:00:00.000Z,,NO,18,0,400399.37156595,135129.1858182,
74321200,79,18th & M St NW,31221,38.904742,-77.041606,YES,NO,1969-12-31T20:00:00.000Z,,NO,16,0,396391.17480356,137432.52410483,
74321201,80,Tenleytown / Wisconsin Ave & Albemarle St NW,31303,38.947607,-77.079382,YES,NO,1969-12-31T20:00:00.000Z,,NO,6,8,393118.69490052,142193.07513516,
74321202,81,13th & H St NE,31611,38.9003,-76.9882,YES,NO,1969-12-31T20:00:00.000Z,,NO,10,17,401023.57329617,136938.67004248,
74321203,82,5th & F St NW,31620,38.897222,-77.019347,YES,NO,1969-12-31T20:00:00.000Z,,NO,15,15,398321.70110602,136597.09913431,
74321204,83,New York Ave & 15th St NW,31222,38.8991,-77.0337,YES,NO,1969-12-31T20:00:00.000Z,,NO,11,4,397076.69494362,136805.93385932,
74321205,84,Convention Center / 7th & M St NW,31223,38.90572,-77.022264,YES,NO,1969-12-31T20:00:00.000Z,,NO,0,19,398068.88947444,137540.50314607,
74321206,85,Harvard St & Adams Mill Rd NW,31112,38.927872,-77.043358,YES,NO,1969-12-31T20:00:00.000Z,,NO,9,6,396240.42917895,140000.2175631,
74321207,86,19th & L St NW,31224,38.903407,-77.043648,YES,NO,1969-12-31T20:00:00.000Z,,NO,15,0,396213.98476874,137284.41101743,
74321208,87,C & O Canal & Wisconsin Ave NW,31225,38.90375,-77.06269,YES,NO,1969-12-31T20:00:00.000Z,,NO,13,8,394562.31341761,137323.44877775,
74321209,88,6th & Water St SW / SW Waterfront,31609,38.87675,-77.02127,YES,NO,1969-12-31T20:00:00.000Z,,NO,11,7,398154.35666339,134324.58543011,
74321210,89,D St & Maryland Ave NE,31612,38.894758,-76.997114,YES,NO,1969-12-31T20:00:00.000Z,,NO,0,22,400250.36118988,136323.40169319,
74321211,90,34th St & Wisconsin Ave NW,31226,38.916442,-77.0682,YES,NO,1969-12-31T20:00:00.000Z,,NO,5,6,394085.43254774,138732.70732736,
74321212,91,13th St & New York Ave NW,31227,38.900283,-77.029822,YES,NO,1969-12-31T20:00:00.000Z,,NO,13,9,397413.13477499,136937.13928906,
74321213,92,8th & H St NW,31228,38.8997,-77.023086,YES,NO,1969-12-31T20:00:00.000Z,,NO,23,9,397997.42273853,136872.25229554,
74321214,93,10th & Monroe St NE,31504,38.932514,-76.992889,YES,NO,1969-12-31T20:00:00.000Z,,NO,8,3,400616.55446976,140514.65083001,
74321215,94,Eckington Pl & Q St NE,31505,38.910972,-77.00495,YES,NO,1969-12-31T20:00:00.000Z,,NO,0,9,399570.68391328,138123.29427771,
74321216,95,6th & H St NE,31615,38.899972,-76.998347,YES,NO,1969-12-31T20:00:00.000Z,,NO,15,6,400143.38766466,136902.19455674,
74321217,96,3rd & H St NE,31616,38.900412,-77.001949,YES,NO,1969-12-31T20:00:00.000Z,,NO,9,10,399830.93718412,136951.03859198,
74321218,97,Bladensburg Rd & Benning Rd NE,31617,38.900413,-76.982872,YES,NO,1969-12-31T20:00:00.000Z,,NO,7,7,401485.74030431,136951.28717624,
74321219,98,4th & East Capitol St NE,31618,38.889955,-77.000349,YES,NO,1969-12-31T20:00:00.000Z,,NO,2,8,399969.72212823,135790.22701798,
74321220,99,Lincoln Park / 13th & East Capitol St NE,31619,38.890461,-76.988355,YES,NO,1969-12-31T20:00:00.000Z,,NO,5,19,401010.26737857,135846.46135466,
74321221,100,Branch & Pennsylvania Ave SE,31701,38.8692,-76.9599,YES,NO,1969-12-31T20:00:00.000Z,,NO,2,9,403479.93073282,133487.02816607,
74321222,101,13th & D St NE,31622,38.894832,-76.987633,YES,NO,1969-12-31T20:00:00.000Z,,NO,1,27,401072.83909032,136331.6849909,
74321223,102,New Hampshire Ave & T St NW,31229,38.91554,-77.03818,YES,NO,1969-12-31T20:00:00.000Z,,NO,0,22,396688.84082399,138631.06089313,
74321224,103,Metro Center / 12th & G St NW,31230,38.898364,-77.027869,YES,NO,1969-12-31T20:00:00.000Z,,NO,25,2,397582.47982913,136724.06141167,
74321225,104,14th & D St NW / Ronald Reagan Building,31231,38.894514,-77.031617,YES,NO,1969-12-31T20:00:00.000Z,,NO,24,0,397257.20836553,136296.78677707,
74321226,105,7th & F St NW / National Portrait Gallery,31232,38.897324,-77.022322,YES,NO,1969-12-31T20:00:00.000Z,,NO,14,12,398063.63083408,136608.48084532,
74321227,106,17th & K St NW / Farragut Square,31233,38.902061,-77.038322,YES,NO,1969-12-31T20:00:00.000Z,,NO,12,19,396675.89775652,137134.78675859,
74321228,107,20th & O St NW / Dupont South,31234,38.908905,-77.04478,YES,NO,1969-12-31T20:00:00.000Z,,NO,13,6,396116.0947985,137894.78124868,
74321229,108,4th & D St NW / Judiciary Square,31621,38.895344,-77.016106,YES,NO,1969-12-31T20:00:00.000Z,,NO,11,3,398602.81213383,136388.57162835,
74321230,109,19th St & Constitution Ave NW,31235,38.8923,-77.0436,YES,NO,1969-12-31T20:00:00.000Z,,NO,10,24,396217.55940232,136051.44360649,
74321231,110,37th & O St NW / Georgetown University,31236,38.90774,-77.071652,YES,NO,1969-12-31T20:00:00.000Z,,NO,13,8,393785.30362802,137766.94307056,
74321232,111,11th & H St NE,31614,38.899983,-76.991383,YES,NO,1969-12-31T20:00:00.000Z,,NO,0,19,400747.47205932,136903.4496248,
74321233,112,25th St & Pennsylvania Ave NW,31237,38.903827,-77.053485,YES,NO,1969-12-31T20:00:00.000Z,,NO,14,1,395360.75356309,137331.48834951,
74321234,113,Columbus Circle / Union Station,31623,38.89696,-77.00493,YES,NO,1969-12-31T20:00:00.000Z,,NO,34,1,399572.33452251,136567.84875416,
74321235,114,North Capitol St & F St NW,31624,38.897446,-77.00989,YES,NO,1969-12-31T20:00:00.000Z,,NO,5,17,399142.24595819,136621.83352922,
74321236,115,11th & M St NW,31266,38.905607,-77.027137,YES,NO,1969-12-31T20:00:00.000Z,,NO,1,17,397646.21680293,137528.07359221,
74321237,116,36th & Calvert St NW / Glover Park,31304,38.922581,-77.070334,YES,NO,1969-12-31T20:00:00.000Z,,NO,0,14,393900.88891277,139414.32818096,
74321238,117,14th & G St NW,31238,38.898069,-77.031823,YES,NO,1969-12-31T20:00:00.000Z,,NO,17,4,397239.47532464,136691.42619808,
74321239,118,Potomac Ave & 35th St S,31052,38.844015,-77.050537,YES,NO,1969-12-31T20:00:00.000Z,,NO,20,3,395612.7850665,130691.76225178,
74321240,124,Ohio Dr & West Basin Dr SW / MLK & FDR Memorials,31240,38.88412,-77.04657,YES,NO,1969-12-31T20:00:00.000Z,,NO,5,16,395959.43911633,135143.52730167,
74321241,125,11th & F St NW,31262,38.897857,-77.026975,YES,NO,1969-12-31T20:00:00.000Z,,NO,13,0,397660.01398863,136667.7570737,
74321242,126,23rd & E St NW,31260,38.896104,-77.049882,YES,NO,1969-12-31T20:00:00.000Z,,NO,9,10,395672.80643508,136473.99663923,
74321243,127,Lynn & 19th St North,31014,38.897315,-77.070993,YES,NO,1969-12-31T20:00:00.000Z,,NO,17,7,393841.56164086,136609.63967085,
74321244,128,Rosslyn Metro / Wilson Blvd & Ft Myer Dr,31015,38.8946,-77.072305,YES,NO,1969-12-31T20:00:00.000Z,,NO,4,11,393727.51072873,136308.34254655,
74321245,129,Clarendon Blvd & Pierce St,31016,38.893648,-77.076701,YES,NO,1969-12-31T20:00:00.000Z,,NO,4,5,393346.06716787,136202.97429728,
74321246,130,Wilson Blvd & N Uhle St,31017,38.891696,-77.0846,YES,NO,1969-12-31T20:00:00.000Z,,NO,7,7,392660.61582418,135986.8924231,
74321247,131,N Rhodes & 16th St N,31018,38.892164,-77.079375,YES,NO,1969-12-31T20:00:00.000Z,,NO,4,6,393113.95026708,136038.43697471,
74321248,132,Fairfax Village,31706,38.86559,-76.952103,YES,NO,1969-12-31T20:00:00.000Z,,NO,1,14,404156.7748465,133086.6176774,
74321249,133,21st St & Constitution Ave NW,31261,38.892459,-77.046567,YES,NO,1969-12-31T20:00:00.000Z,,NO,5,10,395960.17160973,136069.22097211,
74321250,134,Wilson Blvd & N Edgewood St,31019,38.889,-77.0925,YES,NO,1969-12-31T20:00:00.000Z,,NO,4,10,391974.9565944,135688.28027547,
74321251,135,Columbia Rd & Belmont St NW,31113,38.920669,-77.04368,YES,NO,1969-12-31T20:00:00.000Z,,NO,0,19,396212.12597888,139200.636678,
74321252,136,17th & Rhode Island Ave NW,31239,38.906602,-77.038785,YES,NO,1969-12-31T20:00:00.000Z,,NO,17,6,396635.95067876,137638.89146728,
74321253,137,Thomas Circle,31241,38.9059,-77.0325,YES,NO,1969-12-31T20:00:00.000Z,,NO,1,30,397181.05762675,137560.75091601,
74321254,138,Wilson Blvd & Franklin Rd,31020,38.8904,-77.0889,YES,NO,1969-12-31T20:00:00.000Z,,NO,1,10,392287.43385198,135843.38082737,
74321255,139,Clarendon Blvd & N Fillmore St,31021,38.8881,-77.09308,YES,NO,1969-12-31T20:00:00.000Z,,NO,1,13,391924.53555307,135588.42446277,
74321256,140,Clarendon Metro / Wilson Blvd & N Highland St,31022,38.88786,-77.094875,YES,NO,1969-12-31T20:00:00.000Z,,NO,9,8,391768.77673525,135561.94292851,
74321257,141,18th St & Pennsylvania Ave NW,31242,38.89968,-77.041539,YES,NO,1969-12-31T20:00:00.000Z,,NO,6,21,396396.73056387,136870.59871663,
74321258,142,Maryland & Independence Ave SW,31243,38.887299,-77.018939,YES,NO,1969-12-31T20:00:00.000Z,,NO,9,28,398356.86545321,135495.56070939,
74321259,143,4th & E St SW,31244,38.88412,-77.017445,YES,NO,1969-12-31T20:00:00.000Z,,NO,15,3,398486.41642165,135142.64129491,
74321260,144,3rd & G St SE,31625,38.881185,-77.001828,YES,NO,1969-12-31T20:00:00.000Z,,NO,6,12,399841.39039203,134816.69073244,
74321261,145,7th & R St NW / Shaw Library,31245,38.912719,-77.022155,YES,NO,1969-12-31T20:00:00.000Z,,NO,5,8,398078.53235602,138317.44722014,
74321262,146,9th & Upshur St NW,31404,38.9418,-77.0251,YES,NO,1969-12-31T20:00:00.000Z,,NO,4,10,397824.00484445,141545.75347825,
74321263,147,1st & Rhode Island Ave NW,31506,38.915417,-77.012289,YES,NO,1969-12-31T20:00:00.000Z,,NO,0,12,398934.23503524,138616.78618346,
74321264,148,Columbia Rd & Georgia Ave NW,31115,38.928156,-77.02344,YES,NO,1969-12-31T20:00:00.000Z,,NO,0,19,397967.52637558,140031.11212412,
74321265,149,California St & Florida Ave NW,31116,38.917761,-77.04062,YES,NO,1969-12-31T20:00:00.000Z,,NO,0,18,396477.34162756,138877.70174796,
74321266,150,Benning Rd & East Capitol St NE / Benning Rd Metro,31707,38.889935,-76.93723,YES,NO,1969-12-31T20:00:00.000Z,,NO,14,5,405445.68021157,135789.87902946,
74321267,151,3000 Connecticut Ave NW / National Zoo,31307,38.930282,-77.055599,YES,NO,1969-12-31T20:00:00.000Z,,NO,11,4,395179.17550824,140268.32354902,
74321268,152,Anacostia Ave & Benning Rd NE / River Terrace,31708,38.896544,-76.96012,YES,NO,1969-12-31T20:00:00.000Z,,NO,5,10,403459.51281234,136522.41355417,
74321269,153,M St & Pennsylvania Ave NW,31246,38.905126,-77.056887,YES,NO,1969-12-31T20:00:00.000Z,,NO,9,10,395065.75667991,137475.86623703,
74321270,154,15th St & Massachusetts Ave SE,31626,38.88732,-76.983569,YES,NO,1969-12-31T20:00:00.000Z,,NO,2,13,401425.5417836,135497.84971905,
74321271,155,Congress Heights Metro,31806,38.844711,-76.987823,YES,NO,1969-12-31T20:00:00.000Z,,NO,4,10,401057.09871953,130767.87922723,
74321272,156,N Quincy St & Glebe Rd,31035,38.876393,-77.107735,YES,NO,1969-12-31T20:00:00.000Z,,NO,3,6,390651.55922442,134290.2570428,
74321273,157,Wilson Blvd & N Oakland St,31033,38.8815,-77.10396,YES,NO,1969-12-31T20:00:00.000Z,,NO,5,6,390979.77106772,134856.79270568,
74321274,158,N Veitch  & 20th St N,31029,38.896923,-77.086502,YES,NO,1969-12-31T20:00:00.000Z,,NO,8,6,392496.15967477,136567.28510903,
74321275,159,11th & K St NW,31263,38.90268,-77.02674,YES,NO,1969-12-31T20:00:00.000Z,,NO,9,8,397680.55623394,137203.14274008,
74321276,160,Fairfax Dr & Wilson Blvd,31023,38.885801,-77.097745,YES,NO,1969-12-31T20:00:00.000Z,,NO,3,8,391519.53488356,135333.64078152,
74321277,161,Key Blvd & N Quinn St,31027,38.896015,-77.078107,YES,NO,1969-12-31T20:00:00.000Z,,NO,3,8,393224.3192932,136465.83335402,
74321278,162,1st & K St SE,31628,38.87861,-77.006004,YES,NO,1969-12-31T20:00:00.000Z,,NO,4,11,399479.03366972,134530.86164671,
74321279,163,39th & Calvert St NW / Stoddert,31306,38.922649,-77.077271,YES,NO,1969-12-31T20:00:00.000Z,,NO,0,19,393299.34379144,139422.36308098,
74321280,164,1st & Washington Hospital Center NW,31507,38.928743,-77.012457,YES,NO,1969-12-31T20:00:00.000Z,,NO,4,10,398919.86707704,140096.08692818,
74321281,165,Virginia Square Metro / N Monroe St & 9th St N,31024,38.882788,-77.103148,YES,NO,1969-12-31T20:00:00.000Z,,NO,0,18,391050.38685989,134999.69056817,
74321282,166,Central Library / N Quincy St & 10th St N,31025,38.88397,-77.10783,YES,NO,1969-12-31T20:00:00.000Z,,NO,6,3,390644.30934888,135131.37099114,
74321283,167,Washington Blvd & 10th St N,31026,38.884734,-77.093485,YES,NO,1969-12-31T20:00:00.000Z,,NO,8,7,391889.01580315,135214.80848005,
74321284,168,Jefferson Dr & 14th St SW,31247,38.888553,-77.032429,YES,NO,1969-12-31T20:00:00.000Z,,NO,11,9,397186.53186857,135635.0937417,
74321285,169,Smithsonian / Jefferson Dr & 12th St SW,31248,38.888767,-77.02858,YES,NO,1969-12-31T20:00:00.000Z,,NO,3,17,397520.46999936,135658.73782359,
74321286,170,George Mason Dr & Wilson Blvd,31036,38.87887,-77.1207,YES,NO,1969-12-31T20:00:00.000Z,,NO,5,10,389526.91727648,134566.63015205,
74321287,171,6th St & Indiana Ave NW,31264,38.894573,-77.01994,YES,NO,1969-12-31T20:00:00.000Z,,NO,13,4,398270.19576117,136303.05019148,
74321288,172,N Veitch & Key Blvd,31028,38.893241,-77.086045,YES,NO,1969-12-31T20:00:00.000Z,,NO,4,7,392535.41805911,136158.51666851,
74321289,173,N Adams St & Lee Hwy,31030,38.89593,-77.089006,YES,NO,1969-12-31T20:00:00.000Z,,NO,17,6,392278.83629398,136457.26307774,
74321290,174,15th & N Scott St,31031,38.89054,-77.08095,YES,NO,1969-12-31T20:00:00.000Z,,NO,9,2,392977.15386494,135858.28028852,
74321291,175,Washington Blvd & 7th St N,31032,38.880834,-77.091129,YES,NO,1969-12-31T20:00:00.000Z,,NO,4,7,392092.9958064,134781.67205596,
74321292,178,Jefferson Memorial,31249,38.879819,-77.037413,YES,NO,1969-12-31T20:00:00.000Z,,NO,7,15,396753.73375318,134665.71792817,
74321293,179,Good Hope Rd & 14th St SE,31803,38.866611,-76.985238,YES,NO,1969-12-31T20:00:00.000Z,,NO,11,3,401281.11228246,133198.96929326,
74321294,180,Glebe Rd & 11th St N,31038,38.883921,-77.116817,YES,NO,1969-12-31T20:00:00.000Z,,NO,2,8,389864.56068615,135126.89103108,
74321295,181,N Quincy St & Wilson Blvd,31039,38.880151,-77.107673,YES,NO,1969-12-31T20:00:00.000Z,,NO,6,9,390657.43115972,134707.41693593,
74321296,182,Fairfax Dr & Kenmore St,31040,38.884616,-77.10108,YES,NO,1969-12-31T20:00:00.000Z,,NO,1,9,391230.0410303,135202.41180552,
74321297,183,Gallaudet / 8th St & Florida Ave NE,31508,38.90509,-76.9941,YES,NO,1969-12-31T20:00:00.000Z,,NO,8,8,400511.75228339,137470.34907981,
74321298,185,20th & L St NW,31250,38.903584,-77.044789,YES,NO,1969-12-31T20:00:00.000Z,,NO,11,8,396115.02439795,137304.10738551,
74321299,186,12th & L St NW,31251,38.903819,-77.0284,YES,NO,1969-12-31T20:00:00.000Z,,NO,7,12,397536.60617,137329.6244241,
74321300,187,21st St & Pennsylvania Ave NW,31252,38.901539,-77.046564,YES,NO,1969-12-31T20:00:00.000Z,,NO,11,8,395960.94600021,137077.17295375,
74321301,188,19th & K St NW,31253,38.902204,-77.04337,YES,NO,1969-12-31T20:00:00.000Z,,NO,10,13,396238.03496422,137150.85682925,
74321302,189,Prince St & Union St,31041,38.803124,-77.040363,YES,NO,1969-12-31T20:00:00.000Z,,NO,11,6,396494.00267968,126152.15218226,
74321303,190,Market Square / King St & Royal St,31042,38.804718,-77.043363,YES,NO,1969-12-31T20:00:00.000Z,,NO,10,4,396233.50175862,126329.21564255,
74321304,191,Saint Asaph St & Pendleton  St,31043,38.810743,-77.044664,YES,NO,1969-12-31T20:00:00.000Z,,NO,9,3,396120.82449056,126998.08315733,
74321305,192,King St & Patrick St,31044,38.805317,-77.049883,YES,NO,1969-12-31T20:00:00.000Z,,NO,10,5,395667.21274018,126395.99762896,
74321306,193,15th & K St NW,31254,38.902,-77.03353,YES,NO,1969-12-31T20:00:00.000Z,,NO,20,7,397091.55982715,137127.85168549,
74321307,194,Commerce St & Fayette St,31045,38.805648,-77.05293,YES,NO,1969-12-31T20:00:00.000Z,,NO,7,8,395402.57471448,126432.8897394,
74321308,195,Henry St & Pendleton St,31046,38.811456,-77.050276,YES,NO,1969-12-31T20:00:00.000Z,,NO,4,11,395633.45246838,127077.48415181,
74321309,196,Braddock Rd Metro,31047,38.814577,-77.052808,YES,NO,1969-12-31T20:00:00.000Z,,NO,15,4,395413.7448307,127424.05927501,
74321310,197,King St Metro,31048,38.805767,-77.06072,YES,NO,1969-12-31T20:00:00.000Z,,NO,8,15,394725.95516096,126446.52067087,
74321311,198,24th & N St NW,31255,38.9066,-77.05152,YES,NO,1969-12-31T20:00:00.000Z,,NO,2,12,395531.3698104,137639.21579131,
74321312,199,10th & E St NW,31256,38.895914,-77.026064,YES,NO,1969-12-31T20:00:00.000Z,,NO,9,5,397738.97843831,136452.04567026,
74321313,200,22nd & I St NW / Foggy Bottom,31257,38.90088,-77.048911,YES,NO,1969-12-31T20:00:00.000Z,,NO,4,10,395757.32337487,137004.12512577,
74321314,201,Utah St & 11th St N,31049,38.883669,-77.113905,YES,NO,1969-12-31T20:00:00.000Z,,NO,1,10,390117.18065021,135098.59783356,
74321315,202,Barton St & 10th St N,31050,38.884961,-77.08777,YES,NO,1969-12-31T20:00:00.000Z,,NO,0,9,392384.88706428,135239.51496366,
74321316,176,Ballston Metro / N Stuart & 9th St N,31037,38.881044,-77.111768,YES,NO,1969-12-31T20:00:00.000Z,,NO,3,14,390302.23781937,134806.97373735,
74321317,177,N Randolph St & Fairfax Dr,31034,38.882629,-77.109366,YES,NO,1969-12-31T20:00:00.000Z,,NO,0,10,390510.86258655,134982.66832544,
74321318,203,Arlington Blvd & N Queen St,31051,38.889365,-77.077294,YES,NO,1969-12-31T20:00:00.000Z,,NO,1,8,393294.22093326,135727.57124359,
74321319,204,Lincoln Memorial,31258,38.888251,-77.049426,YES,NO,1969-12-31T20:00:00.000Z,,NO,9,14,395711.89180633,135602.23051407,
74321320,206,20th St & Virginia Ave NW,31259,38.894722,-77.045128,YES,NO,1969-12-31T20:00:00.000Z,,NO,9,5,396085.13339566,136320.36909798,
74321321,207,5th St & Massachusetts Ave NW,31265,38.90093,-77.018677,YES,NO,1969-12-31T20:00:00.000Z,,NO,0,17,398379.90597158,137008.70467648,
74321322,208,39th & Veazey St NW,31308,38.943837,-77.077078,YES,NO,1969-12-31T20:00:00.000Z,,NO,8,7,393318.06595366,141774.40034915,
74321323,209,Fessenden St & Wisconsin Ave NW,31309,38.954812,-77.082426,YES,NO,1969-12-31T20:00:00.000Z,,NO,7,8,392855.54507199,142993.1290753,
74321324,210,M St & Delaware Ave NE,31627,38.905707,-77.003041,YES,NO,1969-12-31T20:00:00.000Z,,NO,10,13,399736.23301134,137538.82894813,
74321325,211,Columbia Pike & S Courthouse Rd,31053,38.863833,-77.080319,YES,NO,1969-12-31T20:00:00.000Z,,NO,11,3,393029.28804682,132893.55385171,
74321326,212,Walter Reed Community Center / Walter Reed Dr & 16th St S,31054,38.857803,-77.086733,YES,NO,1969-12-31T20:00:00.000Z,,NO,6,2,392471.99507726,132224.68968124,
74321327,213,28th St S & S Meade St,31055,38.846222,-77.069275,YES,NO,1969-12-31T20:00:00.000Z,,NO,12,2,393986.28914822,130937.82204983,
74321328,214,18th St & Wyoming Ave NW,31114,38.918809,-77.041571,YES,NO,1969-12-31T20:00:00.000Z,,NO,1,22,396394.92173743,138994.07565048,
74321329,215,5th & Kennedy St NW,31403,38.956595,-77.019815,YES,NO,1969-12-31T20:00:00.000Z,,NO,8,7,398282.53401468,143188.01940434,
74321330,216,Georgia Ave & Emerson St NW,31405,38.949662,-77.027333,YES,NO,1969-12-31T20:00:00.000Z,,NO,8,11,397630.68061866,142418.56148209,
74321331,217,14th & Upshur St NW,31406,38.942016,-77.032652,YES,NO,1969-12-31T20:00:00.000Z,,NO,4,14,397169.30765214,141569.93848837,
74321332,218,14th St & Colorado Ave NW,31407,38.956432,-77.032947,YES,NO,1969-12-31T20:00:00.000Z,,NO,6,13,397144.31085359,143170.25383441,
74321333,229,17th St & Massachusetts Ave NW,31267,38.908142,-77.038359,YES,NO,1969-12-31T20:00:00.000Z,,NO,9,8,396672.97197532,137809.82841168,
74321334,230,15th & Euclid St  NW,31117,38.92333,-77.0352,YES,NO,1969-12-31T20:00:00.000Z,,NO,0,15,396947.61465,139495.71246314,
74321335,231,8th & East Capitol St NE,31629,38.889988,-76.995193,YES,NO,1969-12-31T20:00:00.000Z,,NO,2,7,400417.03628136,135793.90119809,
74321336,232,New Jersey Ave & R St NW,31509,38.912659,-77.017669,YES,NO,1969-12-31T20:00:00.000Z,,NO,2,13,398467.59465205,138310.70186081,
74321337,233,15th & East Capitol St NE,31630,38.889908,-76.983326,YES,NO,1969-12-31T20:00:00.000Z,,NO,2,8,401446.57181554,135785.14170208,
74321338,234,8th & F St NE,31631,38.897274,-76.994749,YES,NO,1969-12-31T20:00:00.000Z,,NO,0,15,400455.50943968,136602.70680593,
74321339,235,18th St & Rhode Island Ave NE,31510,38.927095,-76.978924,YES,NO,1969-12-31T20:00:00.000Z,,NO,6,7,401827.51926549,139913.2820472,
74321340,236,15th & F St NE,31632,38.897195,-76.983575,YES,NO,1969-12-31T20:00:00.000Z,,NO,5,14,401424.82399465,136594.05225642,
74321341,237,12th & Irving St NE,31511,38.928644,-76.990955,YES,NO,1969-12-31T20:00:00.000Z,,NO,9,4,400784.28320356,140085.0622346,
74321342,238,34th St & Minnesota Ave SE,31709,38.884085,-76.957461,YES,NO,1969-12-31T20:00:00.000Z,,NO,3,8,403690.82037747,135139.4713363,
74321343,239,Alabama & MLK Ave SE,31800,38.843222,-76.999388,YES,NO,1969-12-31T20:00:00.000Z,,NO,7,3,400053.12949919,130602.51954593,
74321344,240,Pleasant St & MLK Ave SE,31807,38.863897,-76.990037,YES,NO,1969-12-31T20:00:00.000Z,,NO,6,5,400864.66651397,132897.63895866,
74321345,241,Neal St & Trinidad Ave NE,31512,38.903732,-76.987211,YES,NO,1969-12-31T20:00:00.000Z,,NO,8,7,401109.30924373,137319.66124122,
74321346,242,12th & U St NW,31268,38.916787,-77.028139,YES,NO,1969-12-31T20:00:00.000Z,,NO,20,10,397559.68883751,138769.17197864,
74321347,243,S George Mason Dr & Four Mile Run,31063,38.852248,-77.105022,YES,NO,1969-12-31T20:00:00.000Z,,NO,8,1,390883.88955688,131609.71253131,
74321348,244,S Stafford & 34th St S,31064,38.834108,-77.087323,YES,NO,1969-12-31T20:00:00.000Z,,NO,5,6,392418.26989469,129594.42903651,
74321349,247,3rd St & Pennsylvania Ave SE,31269,38.887378,-77.001955,YES,NO,1969-12-31T20:00:00.000Z,,NO,14,0,399830.38573816,135504.16169424,
74321350,248,8th & D St NW,31270,38.894851,-77.02324,YES,NO,1969-12-31T20:00:00.000Z,,NO,6,8,397983.92709424,136333.97809506,
74321351,249,3rd & Elm St NW,31118,38.917622,-77.01597,YES,NO,1969-12-31T20:00:00.000Z,,NO,0,15,398615.04270249,138861.60900002,
74321352,250,Rhode Island Ave & V St NE,31513,38.918155,-77.004746,YES,NO,1969-12-31T20:00:00.000Z,,NO,11,7,399588.4183945,138920.6660217,
74321353,251,Constitution Ave & 2nd St NW/DOL,31271,38.892275,-77.013917,YES,NO,1969-12-31T20:00:00.000Z,,NO,20,3,398792.6549073,136047.85718073,
74321354,252,Washington & Independence Ave SW/HHS,31272,38.88731,-77.01397,YES,NO,1969-12-31T20:00:00.000Z,,NO,23,1,398787.97264086,135496.70408896,
74321355,264,E Montgomery Ave & Maryland Ave,32007,39.084125,-77.151291,YES,NO,1969-12-31T20:00:00.000Z,,NO,8,7,386910.31438669,157355.87132814,
74321356,265,Cordell & Norfolk Ave,32008,38.98954,-77.098029,YES,NO,1969-12-31T20:00:00.000Z,,NO,7,4,391507.26098283,146849.60289105,
74321357,266,Frederick Ave & Horners Ln,32009,39.094772,-77.145213,YES,NO,1969-12-31T20:00:00.000Z,,NO,5,6,387438.06215384,158536.96474703,
74321358,267,Philadelphia & Maple Ave,32010,38.98128,-77.011336,YES,NO,1969-12-31T20:00:00.000Z,,NO,4,10,399017.79198301,145928.16270611,
74321359,268,Maple & Ritchie Ave,32011,38.983627,-77.006311,YES,NO,1969-12-31T20:00:00.000Z,,NO,6,12,399453.20125046,146188.66055368,
74321360,269,Silver Spring Metro/Colesville Rd & Wayne Ave,32012,38.99521,-77.02918,YES,NO,1969-12-31T20:00:00.000Z,,NO,8,11,397472.19246231,147474.87366525,
74321361,270,Montgomery & East Ln,32013,38.983525,-77.095367,YES,NO,1969-12-31T20:00:00.000Z,,NO,1,9,391737.18561936,146181.63464028,
74321362,271,Friendship Hts Metro/Wisconsin Ave & Wisconsin Cir,32014,38.961763,-77.085998,YES,NO,1969-12-31T20:00:00.000Z,,NO,4,15,392546.66110808,143765.03951761,
74321363,272,14th & Belmont St NW,31119,38.921074,-77.031887,YES,NO,1969-12-31T20:00:00.000Z,,NO,0,15,397234.81559,139245.17181709,
74321364,273,3rd & Tingey St SE,31634,38.87501,-77.0024,YES,NO,1969-12-31T20:00:00.000Z,,NO,15,4,399791.74179325,134131.220022,
74321365,274,10th & Florida Ave NW,31120,38.920387,-77.025672,YES,NO,1969-12-31T20:00:00.000Z,,NO,5,13,397773.74796634,139168.73911509,
74321366,288,Battery Ln & Trolley Trail,32027,38.992375,-77.100104,YES,NO,1969-12-31T20:00:00.000Z,,NO,3,12,391327.8386053,147164.51103503,
74321367,289,Norfolk & Rugby Ave,32028,38.990639,-77.100239,YES,NO,1969-12-31T20:00:00.000Z,,NO,5,6,391315.93174708,146971.81066443,
74321368,290,Offutt Ln & Chevy Chase Dr,32029,38.977093,-77.094589,YES,NO,1969-12-31T20:00:00.000Z,,NO,4,7,391803.8534602,145467.55036065,
74321369,291,Broschart & Blackwell Rd,32030,39.102099,-77.200322,YES,NO,1969-12-31T20:00:00.000Z,,NO,7,8,382672.5405711,159359.37466242,
74321370,292,Taft St & E Gude Dr,32031,39.094103,-77.132954,YES,NO,1969-12-31T20:00:00.000Z,,NO,6,9,388498.44225283,158461.08173,
74321371,245,N Pershing Dr & Wayne St,31065,38.880705,-77.08596,YES,NO,1969-12-31T20:00:00.000Z,,NO,4,6,392541.48161705,134766.91705858,
74321372,246,Columbia Pike & S Orme St,31066,38.867262,-77.072315,YES,NO,1969-12-31T20:00:00.000Z,,NO,2,9,393724.23923893,133273.6172133,
74321373,293,Fleet St & Ritchie Pkwy,32032,39.076331,-77.141378,YES,NO,1969-12-31T20:00:00.000Z,,NO,3,11,387766.64569552,156489.26883494,
74321374,294,Piccard & W Gude Dr,32033,39.102212,-77.177091,YES,NO,1969-12-31T20:00:00.000Z,,NO,6,13,384681.99807835,159367.76528288,
74321375,295,Ripley & Bonifant St,32034,38.992679,-77.029457,YES,NO,1969-12-31T20:00:00.000Z,,NO,4,11,397448.10582111,147193.91499269,
74321376,296,Georgia Ave & Spring St,32035,38.999388,-77.031555,YES,NO,1969-12-31T20:00:00.000Z,,NO,5,5,397266.61108519,147938.74232081,
74321377,297,Fenton St & Ellsworth Dr,32036,38.997033,-77.025608,YES,NO,1969-12-31T20:00:00.000Z,,NO,8,5,397781.68474404,147677.15218341,
74321378,298,King Farm Blvd & Pleasant Dr,32037,39.114688,-77.171487,YES,NO,1969-12-31T20:00:00.000Z,,NO,7,11,385169.33354228,160751.83427443,
74321379,299,King Farm Blvd & Piccard Dr,32038,39.110314,-77.182669,YES,NO,1969-12-31T20:00:00.000Z,,NO,5,9,384201.31311065,160268.14020717,
74321380,301,Calvert St & Woodley Pl NW,31121,38.923583,-77.050046,YES,NO,1969-12-31T20:00:00.000Z,,NO,8,10,395660.25194765,139524.3986898,
74321381,302,New Jersey Ave & N St NW/Dunbar HS,31636,38.90706,-77.015231,YES,NO,1969-12-31T20:00:00.000Z,,NO,4,15,398678.93496158,137689.1287794,
74321382,303,Nannie Helen Burroughs Ave & 49th St NE,31710,38.898536,-76.931862,YES,NO,1969-12-31T20:00:00.000Z,,NO,6,4,405910.67420774,136744.99164114,
74321383,304,Deanwood Rec Center,31711,38.908473,-76.933099,YES,NO,1969-12-31T20:00:00.000Z,,NO,8,7,405802.5614741,137847.99932996,
74321384,305,Hains Point/Buckeye & Ohio Dr SW,31273,38.878433,-77.03023,YES,NO,1969-12-31T20:00:00.000Z,,NO,9,8,397376.94021436,134511.63048068,
74321385,306,Arlington Blvd & Fillmore St,31070,38.873755,-77.089233,YES,NO,1969-12-31T20:00:00.000Z,,NO,8,3,392256.73815346,133995.68730513,
74321386,307,Long Bridge Park/Long Bridge Dr & 6th St S,31071,38.86646,-77.04826,YES,NO,1969-12-31T20:00:00.000Z,,NO,8,7,395811.77300147,133183.21065875,
74321387,316,Shady Grove Hospital,32042,39.097636,-77.196636,YES,NO,1969-12-31T20:00:00.000Z,,NO,7,9,382990.30463098,158863.23308023,
74321388,317,Veterans Pl & Pershing Dr,32043,38.997445,-77.023894,YES,NO,1969-12-31T20:00:00.000Z,,NO,2,9,397930.17345122,147722.84809045,
74321389,318,Rockville Metro East,32044,39.085394,-77.145803,YES,NO,1969-12-31T20:00:00.000Z,,NO,9,4,387385.36031083,157495.97307419,
74321390,319,1st & H St NW,31638,38.900358,-77.012108,YES,NO,1969-12-31T20:00:00.000Z,,NO,10,3,398949.71056005,136945.11200625,
74321391,320,Fort Totten Metro,31515,38.952369,-77.002721,YES,NO,1969-12-31T20:00:00.000Z,,NO,3,16,399764.14322203,142718.71185822,
74321392,321,Takoma Metro,31408,38.975219,-77.016855,YES,NO,1969-12-31T20:00:00.000Z,,NO,5,13,398539.47386044,145255.40691126,
74321393,322,Rhode Island Ave Metro,31516,38.920682,-76.995876,YES,NO,1969-12-31T20:00:00.000Z,,NO,1,18,400357.62798091,139201.18164889,
74321394,323,Rolfe St & 9th St S,31075,38.866471,-77.076131,YES,NO,1969-12-31T20:00:00.000Z,,NO,4,6,393392.99961931,133186.07966769,
74321395,324,Shirlington Transit Center / S Quincy & Randolph St,31076,38.839912,-77.087083,YES,NO,1969-12-31T20:00:00.000Z,,NO,8,6,392439.72224526,130238.69248395,
74321396,325,Shady Grove Metro West,32045,39.119765,-77.166093,YES,NO,1969-12-31T20:00:00.000Z,,NO,11,7,385636.84639948,161314.58449914,
74321397,350,Spring St & Second Ave,32050,38.997653,-77.034499,YES,NO,1969-12-31T20:00:00.000Z,,NO,5,10,397011.52018405,147746.23200566,
74321398,352,S Joyce & 16th St S,31091,38.859254,-77.063275,YES,NO,1969-12-31T20:00:00.000Z,,NO,7,7,394508.14728183,132384.08827775,
74321399,354,N Nelson St & Lee Hwy,31092,38.895929,-77.105246,YES,NO,1969-12-31T20:00:00.000Z,,NO,5,9,390870.03622761,136458.65095695,
74321400,355,21st St N & N Pierce St,31093,38.898984,-77.078317,YES,NO,1969-12-31T20:00:00.000Z,,NO,7,8,393206.38482175,136795.43149257,
74321401,219,S Troy St & 26th St S,31056,38.847977,-77.075104,YES,NO,1969-12-31T20:00:00.000Z,,NO,4,7,393480.43841302,131133.03943473,
74321402,220,S Four Mile Run Dr & S Shirlington Rd,31057,38.8444,-77.085931,YES,NO,1969-12-31T20:00:00.000Z,,NO,5,6,392540.20426708,130736.79656,
74321403,221,S Oakland St & Columbia Pike,31058,38.860789,-77.09586,YES,NO,1969-12-31T20:00:00.000Z,,NO,4,6,391680.16396318,132556.94935025,
74321404,222,S Abingdon St & 36th St S,31059,38.835213,-77.094295,YES,NO,1969-12-31T20:00:00.000Z,,NO,4,7,391813.06003968,129717.6936302,
74321405,223,S Arlington Mill Dr & Campbell Ave,31060,38.84232,-77.089555,YES,NO,1969-12-31T20:00:00.000Z,,NO,11,2,392225.37311813,130506.2046103,
74321406,224,S Kenmore & 24th St S,31061,38.848454,-77.084918,YES,NO,1969-12-31T20:00:00.000Z,,NO,5,5,392628.5628703,131186.73644678,
74321407,225,13th St & Eastern Ave,32006,38.987,-77.029417,YES,NO,1969-12-31T20:00:00.000Z,,NO,4,11,397451.3679179,146563.48846577,
74321408,226,Wisconsin Ave & O St NW,31312,38.90849,-77.063586,YES,NO,1969-12-31T20:00:00.000Z,,NO,0,19,394484.96152307,137849.68097811,
74321409,227,S George Mason Dr & 13th St S,31062,38.854691,-77.100555,YES,NO,1969-12-31T20:00:00.000Z,,NO,8,3,391271.93225753,131880.46618931,
74321410,228,Connecticut & Nebraska Ave NW,31310,38.955016,-77.069956,YES,NO,1969-12-31T20:00:00.000Z,,NO,13,10,393936.42688566,143014.87282821,
74321411,282,47th & Elm St,32021,38.982456,-77.091991,YES,NO,1969-12-31T20:00:00.000Z,,NO,3,12,392029.57027544,146062.66507911,
74321412,283,Garland Ave & Walden Rd,32022,39.000578,-77.00149,YES,NO,1969-12-31T20:00:00.000Z,,NO,4,11,399870.93387652,148070.37306511,
74321413,284,Montgomery College/W Campus Dr & Mannakee St,32023,39.095661,-77.159048,YES,NO,1969-12-31T20:00:00.000Z,,NO,5,15,386241.41121024,158637.64923132,
74321414,285,Fenton St & Gist Ave,32024,38.989724,-77.023854,YES,NO,1969-12-31T20:00:00.000Z,,NO,3,8,397933.4145005,146865.73881136,
74321415,286,Carroll & Westmoreland Ave,32025,38.975,-77.01121,YES,NO,1969-12-31T20:00:00.000Z,,NO,8,7,399028.62364911,145231.02061742,
74321416,287,Carroll & Ethan Allen Ave,32026,38.977933,-77.006472,YES,NO,1969-12-31T20:00:00.000Z,,NO,8,6,399439.20704805,145556.57211519,
74321417,308,Old Georgetown Rd & Southwick St,32039,38.999634,-77.109647,YES,NO,1969-12-31T20:00:00.000Z,,NO,9,8,390502.08229336,147971.28240078,
74321418,309,Friendship Blvd & Willard Ave,32040,38.96115,-77.088659,YES,NO,1969-12-31T20:00:00.000Z,,NO,1,18,392315.96955553,143697.21146898,
74321419,310,North Capitol St & G Pl NE,31637,38.899703,-77.008911,YES,NO,1969-12-31T20:00:00.000Z,,NO,8,11,399227.02220444,136872.3698297,
74321420,311,31st & Woodrow St S,31072,38.837666,-77.09482,YES,NO,1969-12-31T20:00:00.000Z,,NO,6,2,391767.76100852,129990.04042841,
74321421,312,Washington Blvd & Walter Reed Dr,31073,38.873219,-77.082104,YES,NO,1969-12-31T20:00:00.000Z,,NO,14,1,392875.30889503,133935.6067688,
74321422,253,Independence Ave & LEnfant Plaza SW/DOE,31633,38.887312,-77.025762,YES,NO,1969-12-31T20:00:00.000Z,,NO,10,3,397764.90711108,135497.14874174,
74321423,254,Hamlin & 7th St NE,31514,38.927497,-76.997194,YES,NO,1969-12-31T20:00:00.000Z,,NO,5,10,400243.30946072,139957.7002703,
74321424,255,Columbia Pike & S Walter Reed Dr,31067,38.862478,-77.086599,YES,NO,1969-12-31T20:00:00.000Z,,NO,6,6,392484.11792553,132743.63730167,
74321425,256,Columbia Pike & S Dinwiddie St / Arlington Mill Community Center,31068,38.856319,-77.11153,YES,NO,1969-12-31T20:00:00.000Z,,NO,10,4,390319.53509636,132062.29229881,
74321426,257,Pershing & N George Mason Dr,31069,38.871822,-77.107906,YES,NO,1969-12-31T20:00:00.000Z,,NO,4,6,390636.1213437,133782.8595827,
74321427,258,Fenton St & New York Ave,32001,38.985404,-77.023082,YES,NO,1969-12-31T20:00:00.000Z,,NO,2,11,398000.17527578,146386.15892257,
74321428,259,Bethesda Ave & Arlington Rd,32002,38.981103,-77.097426,YES,NO,1969-12-31T20:00:00.000Z,,NO,6,11,391558.50228853,145912.95751583,
74321429,260,Montgomery Ave & Waverly St,32003,38.983838,-77.09221,YES,NO,1969-12-31T20:00:00.000Z,,NO,4,7,392010.75030162,146216.09966891,
74321430,261,Fallsgrove Blvd & Fallsgrove Dr,32004,39.096312,-77.192672,YES,NO,1969-12-31T20:00:00.000Z,,NO,7,12,383332.89363763,158715.52157619,
74321431,262,Traville Gateway Dr & Gudelsky Dr,32005,39.093783,-77.202501,YES,NO,1969-12-31T20:00:00.000Z,,NO,7,12,382482.01381244,158436.61187288,
74321432,263,Norfolk Ave & Fairmont St,32000,38.988562,-77.096539,YES,NO,1969-12-31T20:00:00.000Z,,NO,7,4,391636.2322207,146740.89768535,
74321433,275,Potomac Ave & 8th St SE,31635,38.876737,-76.994468,YES,NO,1969-12-31T20:00:00.000Z,,NO,7,8,400480.02354886,134322.94186107,
74321434,276,Crabbs Branch Way & Redland Rd,32015,39.120045,-77.156985,YES,NO,1969-12-31T20:00:00.000Z,,NO,9,6,386424.52768958,161344.27440776,
74321435,277,Fallsgrove Dr & W Montgomery Ave,32016,39.099376,-77.188014,YES,NO,1969-12-31T20:00:00.000Z,,NO,8,7,383736.53425668,159054.82333901,
74321436,278,Monroe St & Monroe Pl,32017,39.082779,-77.148827,YES,NO,1969-12-31T20:00:00.000Z,,NO,9,6,387123.25568331,157206.09862962,
74321437,279,Needwood Rd & Eagles Head Ct,32018,39.123513,-77.15741,YES,NO,1969-12-31T20:00:00.000Z,,NO,5,10,386388.43917458,161729.3311025,
74321438,280,East West Hwy & Blair Mill Rd,32019,38.990249,-77.02935,YES,NO,1969-12-31T20:00:00.000Z,,NO,5,10,397457.28862708,146924.15777926,
74321439,281,Crabbs Branch Way & Calhoun Pl,32020,39.107709,-77.152072,YES,NO,1969-12-31T20:00:00.000Z,,NO,6,9,386847.10375582,159974.10023058,
74321440,313,TJ Cmty Ctr / 2nd St & S Old Glebe Rd,31074,38.869418,-77.095596,YES,NO,1969-12-31T20:00:00.000Z,,NO,8,5,391704.07999902,133514.80715931,
74321441,314,Connecticut Ave & Tilden St NW,31313,38.941154,-77.062036,YES,NO,1969-12-31T20:00:00.000Z,,NO,7,8,394621.86255124,141475.56998399,
74321442,315,Medical Center Dr & Key West Ave,32041,39.103091,-77.196442,YES,NO,1969-12-31T20:00:00.000Z,,NO,5,9,383008.38939989,159468.76971438,
74321443,326,River Rd & Landy Ln,32046,38.964992,-77.103381,YES,NO,1969-12-31T20:00:00.000Z,,NO,7,11,391040.50480235,144125.05115003,
74321444,327,Rockville Metro West,32047,39.084379,-77.146866,YES,NO,1969-12-31T20:00:00.000Z,,NO,9,10,387293.21007282,157383.44319069,
74321445,328,Bethesda Metro,32048,38.984691,-77.094537,YES,NO,1969-12-31T20:00:00.000Z,,NO,1,11,391809.23272994,146310.99720784,
74321446,329,Iwo Jima Memorial/N Meade & 14th St N,31077,38.88992,-77.071301,YES,NO,1969-12-31T20:00:00.000Z,,NO,15,3,393814.20236548,135788.75739915,
74321447,330,34th & Water St NW,31314,38.903582,-77.067786,YES,NO,1969-12-31T20:00:00.000Z,,NO,12,7,394120.27618591,137305.11530957,
74321448,331,Duke St & John Carlyle St,31081,38.804378,-77.060866,YES,NO,1969-12-31T20:00:00.000Z,,NO,8,5,394713.17102609,126292.34142583,
74321449,332,Lee Hwy & N Cleveland St,31079,38.894941,-77.09169,YES,NO,1969-12-31T20:00:00.000Z,,NO,10,4,392045.89232185,136347.70672975,
74321450,333,Arlington Blvd & S George Mason Dr/NFATC,31078,38.869442,-77.104503,YES,NO,1969-12-31T20:00:00.000Z,,NO,6,4,390931.12467668,133518.31847561,
74321451,334,MLK Library/9th & G St NW,31274,38.898404,-77.024281,YES,NO,1969-12-31T20:00:00.000Z,,NO,5,17,397893.72512203,136728.4128293,
74321452,335,Lee Hwy & N Scott St,31080,38.897612,-77.080851,YES,NO,1969-12-31T20:00:00.000Z,,NO,6,8,392986.43793208,136643.32022975,
74321453,336,New Hampshire Ave & 24th St NW,31275,38.901755,-77.051084,YES,NO,1969-12-31T20:00:00.000Z,,NO,9,6,395568.88566438,137101.36038208,
74321454,337,Eisenhower Ave & Mill Race Ln,31082,38.801111,-77.068952,YES,NO,1969-12-31T20:00:00.000Z,,NO,8,5,394010.54617838,125930.1835293,
74321455,338,Potomac Greens Dr & Slaters Ln,31083,38.82175,-77.047494,YES,NO,1969-12-31T20:00:00.000Z,,NO,5,4,395875.6679074,128220.0552696,
74321456,339,Ballenger Ave & Dulaney St,31084,38.802677,-77.063562,YES,NO,1969-12-31T20:00:00.000Z,,NO,7,10,394478.86466732,126103.67942378,
74321457,340,Mount Vernon Ave & E Nelson Ave,31085,38.820064,-77.057619,YES,NO,1969-12-31T20:00:00.000Z,,NO,3,7,394996.30487652,128033.40446264,
74321458,341,Mount Vernon Ave & E Del Ray Ave,31086,38.82595,-77.058541,YES,NO,1969-12-31T20:00:00.000Z,,NO,8,4,394916.65642773,128686.84003154,
74321459,342,Monroe Ave & Leslie Ave,31087,38.820932,-77.053096,YES,NO,1969-12-31T20:00:00.000Z,,NO,9,5,395389.14299363,128129.51994126,
74321460,343,Mount Vernon Ave & Kennedy St,31088,38.833077,-77.059821,YES,NO,1969-12-31T20:00:00.000Z,,NO,9,3,394806.02748043,129478.05665833,
74321461,344,Court House Metro / 15th & N Uhle St,31089,38.890612,-77.084801,YES,NO,1969-12-31T20:00:00.000Z,,NO,2,18,392643.06650429,135866.57615407,
74321462,345,Washington Adventist U / Flower Ave & Division St,32049,38.986743,-77.000035,YES,NO,1969-12-31T20:00:00.000Z,,NO,4,10,399996.96765659,146534.54829125,
74321463,346,6th & S Ball St,31090,38.864702,-77.048672,YES,NO,1969-12-31T20:00:00.000Z,,NO,13,2,395775.91368285,132988.07874506,
74321464,347,McKinley St & Connecticut Ave NW,31315,38.96497,-77.075946,YES,NO,1969-12-31T20:00:00.000Z,,NO,7,11,393418.1513114,144120.27361911,
74321465,348,15th & L St NW,31276,38.90381,-77.034931,YES,NO,1969-12-31T20:00:00.000Z,,NO,8,14,396970.11197109,137328.82185266,
74321466,349,17th & G St NW,31277,38.89841,-77.039624,YES,NO,1969-12-31T20:00:00.000Z,,NO,2,26,396562.78460078,136729.54472867,
74321467,351,18th & R St NW,31278,38.912648,-77.041834,YES,NO,1969-12-31T20:00:00.000Z,,NO,1,17,396371.80070351,138310.16380231,
74321468,353,Union Market/6th St & Neal Pl NE,31517,38.908008,-76.996985,YES,NO,1969-12-31T20:00:00.000Z,,NO,13,8,400261.5033925,137794.25863345,
74321469,356,Lee Hwy & N Kirkwood Rd,31094,38.895377,-77.09713,YES,NO,1969-12-31T20:00:00.000Z,,NO,12,3,391574.02398088,136396.59421225,
74321470,357,19th & G St NW,31279,38.898412,-77.043182,YES,NO,1969-12-31T20:00:00.000Z,,NO,13,8,396254.14318763,136729.90672594,
74321471,364,Army Navy Dr & S Nash St,31095,38.862467,-77.068242,YES,NO,1969-12-31T20:00:00.000Z,,NO,8,7,394077.31113834,132741.06505583,
74321472,367,11th & S St NW,31280,38.913761,-77.027025,YES,NO,1969-12-31T20:00:00.000Z,,NO,6,17,397656.19931508,138433.23161638,
